touNum,avgTemp,AccumulateCovid19,increase,baseYmd,festival_no,festival_yes,holiday_no,holiday_yes,PM10_no,PM10_yes,PM25_no,PM25_yes,dayRf_no,dayRf_yes
0.0,0.0,0.0,-0.5369848799288467,2022-01-01,1,0,0,1,1,0,1,0,1,0
0.0,0.0,0.0,-0.5578120367625259,2022-01-02,1,0,0,1,1,0,1,0,0,1
0.0,0.0,0.0,-0.5718944559739104,2022-01-03,1,0,1,0,1,0,1,0,1,0
0.0,0.0,0.0,-0.575970945745627,2022-01-04,1,0,1,0,1,0,1,0,1,0
0.0,0.0,0.0,-0.5408390157130151,2022-01-05,1,0,1,0,1,0,1,0,1,0
0.0,0.0,0.0,-0.5559590868662911,2022-01-06,1,0,1,0,1,0,1,0,1,0
-0.683210663727844,0.0,0.0,-0.5685591461606878,2022-01-07,1,0,1,0,1,0,1,0,1,0
0.16096613794098738,0.0,0.0,-0.5718203379780611,2022-01-08,1,0,0,1,1,0,0,1,1,0
0.0,0.0,0.0,-0.573895641861844,2022-01-09,1,0,0,1,1,0,1,0,1,0
0.0,0.0,0.0,-0.5876074710939816,2022-01-10,1,0,1,0,1,0,1,0,0,1
0.0,0.0,0.0,-0.5895345389860658,2022-01-11,1,0,1,0,1,0,1,0,0,1
0.0,0.0,0.0,-0.5644826563889712,2022-01-12,1,0,1,0,1,0,1,0,1,0
-0.6531926896786975,0.0,0.0,-0.5730062259116514,2022-01-13,1,0,1,0,1,0,1,0,1,0
-0.29440705317432203,0.0,0.0,-0.5758968277497777,2022-01-14,1,0,1,0,1,0,1,0,1,0
0.5711942902874536,0.0,0.0,-0.5778980136377112,2022-01-15,1,0,0,1,1,0,1,0,1,0
-0.4622216974324661,0.0,0.0,-0.5769344796916691,2022-01-16,1,0,0,1,1,0,1,0,1,0
-0.6533107673738209,0.0,0.0,-0.586940409131337,2022-01-17,1,0,1,0,1,0,1,0,0,1
-0.4861783497986119,0.0,0.0,-0.5889415950192707,2022-01-18,1,0,1,0,1,0,1,0,1,0
-0.6623896301544194,0.0,0.0,-0.5542543729617551,2022-01-19,1,0,1,0,1,0,1,0,0,1
-0.30339407774760235,0.0,0.0,-0.5445449155054848,2022-01-20,1,0,1,0,1,0,1,0,1,0
0.069823277049632,0.0,0.0,-0.5304624962941002,2022-01-21,1,0,1,0,1,0,1,0,1,0
0.7956731084609229,0.0,0.0,-0.5275718944559739,2022-01-22,1,0,0,1,1,0,1,0,1,0
-0.2651762637593314,0.0,0.0,-0.5199377408834865,2022-01-23,1,0,0,1,1,0,1,0,1,0
-0.32274570000393593,-0.5698324022346369,0.0,-0.5210495108212274,2022-01-24,1,0,1,0,1,0,1,0,1,0
-0.22450505766127446,-0.670391061452514,0.0,-0.5177142010080047,2022-01-25,1,0,1,0,1,0,1,0,0,1
-0.09021135907427087,0.0,0.0,-0.40994663504298845,2022-01-26,1,0,1,0,1,0,1,0,1,0
-0.08893874391571877,0.0,0.0,-0.391343018084791,2022-01-27,1,0,1,0,1,0,1,0,1,0
-0.011479775914774143,0.0,0.0,-0.34968870441743255,2022-01-28,1,0,1,0,1,0,1,0,1,0
0.06670077800081342,0.0,0.0,-0.334272161280759,2022-01-29,1,0,0,1,1,0,1,0,1,0
-0.1582503509531494,0.0,0.0,-0.33530981322265047,2022-01-30,1,0,0,1,1,0,1,0,1,0
-0.022487241049054724,0.0,0.0,-0.3347168692558553,2022-01-31,1,0,0,1,1,0,1,0,0,1
-0.255047821466525,0.0,0.0,-0.3393121849985176,2022-02-01,1,0,0,1,1,0,1,0,0,1
0.0,0.0,0.0,-0.33353098132226505,2022-02-02,1,0,0,1,1,0,1,0,1,0
0.0,0.0,0.0,-0.2587459235102283,2022-02-03,1,0,1,0,1,0,1,0,1,0
0.0,0.0,0.0,-0.1889267714201008,2022-02-04,1,0,1,0,1,0,1,0,1,0
0.0,0.0,0.0,-0.008227097539282538,2022-02-05,1,0,0,1,1,0,1,0,1,0
0.0,0.0,0.0,-0.0658167803142603,2022-02-06,1,0,0,1,1,0,1,0,1,0
0.0,0.0,0.0,-0.13496887044174324,2022-02-07,1,0,1,0,1,0,1,0,1,0
0.0,0.0,0.0,-0.20745627038244885,2022-02-08,1,0,1,0,1,0,1,0,1,0
0.0,0.0,0.0,0.2203528016602431,2022-02-09,1,0,1,0,1,0,1,0,1,0
0.0,0.0,0.0,0.23465757485917582,2022-02-10,1,0,1,0,1,0,1,0,1,0
-0.6715078521667257,-0.664804469273743,0.0,0.20916098428698487,2022-02-11,1,0,1,0,1,0,0,1,1,0
-0.07890213983023052,-0.558659217877095,0.0,0.33271568336792173,2022-02-12,1,0,0,1,1,0,1,0,1,0
0.0,-0.558659217877095,0.0,0.2308775570708568,2022-02-13,1,0,0,1,1,0,1,0,1,0
0.0,-0.6871508379888269,0.0,0.21420100800474356,2022-02-14,1,0,1,0,1,0,1,0,0,1
0.0,0.0,0.0,0.2774977764601245,2022-02-15,1,0,1,0,1,0,1,0,1,0
0.0,0.0,0.0,0.753780017788319,2022-02-16,1,0,1,0,1,0,1,0,1,0
0.0,0.0,0.0,0.8138155944263267,2022-02-17,1,0,1,0,1,0,1,0,1,0
-0.4568688419202057,0.0,0.0,1.2557070856804031,2022-02-18,1,0,1,0,1,0,1,0,1,0
0.17583080778263208,0.0,0.0,1.0735250518825972,2022-02-19,1,0,0,1,1,0,1,0,0,1
0.0,0.0,0.0,0.9926623184109101,2022-02-20,1,0,0,1,1,0,1,0,1,0
-0.7550937405701841,0.0,0.0,0.8382004150607768,2022-02-21,1,0,1,0,1,0,1,0,0,1
-0.5657889557995828,0.0,0.0,0.9707975096353395,2022-02-22,1,0,1,0,1,0,1,0,1,0
-0.5434460319334566,0.0,0.0,0.0,2022-02-23,1,0,1,0,1,0,1,0,1,0
-0.4739507484813896,0.0,0.0,0.0,2022-02-24,1,0,1,0,1,0,1,0,1,0
-0.45240812899332206,-0.6592178770949721,0.0,0.0,2022-02-25,1,0,1,0,1,0,1,0,1,0
0.3828341270778394,-0.5251396648044694,0.0,0.0,2022-02-26,1,0,0,1,1,0,1,0,0,1
-0.38127287755343015,-0.6201117318435756,0.0,0.0,2022-02-27,1,0,0,1,1,0,1,0,1,0
-0.09290090657430367,-0.446927374301676,0.0,1.427809072042692,2022-02-28,1,0,1,0,1,0,1,0,1,0
0.0,-0.5027932960893855,0.0,1.4212866884079454,2022-03-01,1,0,0,1,1,0,1,0,0,1
0.0,-0.6312849162011174,0.0,0.0,2022-03-02,1,0,1,0,1,0,1,0,1,0
-0.7493472927408457,-0.5027932960893855,0.0,0.0,2022-03-03,1,0,1,0,1,0,1,0,1,0
-0.531559543957702,-0.44134078212290506,0.0,0.0,2022-03-04,1,0,1,0,1,0,1,0,1,0
-0.07715721389118485,0.0,0.0,0.0,2022-03-05,1,0,0,1,0,1,1,0,1,0
0.0,0.0,0.0,0.0,2022-03-06,1,0,0,1,1,0,1,0,1,0
-0.6886291179596175,-0.670391061452514,0.0,0.0,2022-03-07,1,0,1,0,1,0,1,0,1,0
-0.268036367930098,-0.49162011173184367,0.0,0.0,2022-03-08,1,0,1,0,1,0,1,0,1,0
0.0,-0.43016759776536323,0.0,0.0,2022-03-09,1,0,0,1,1,0,1,0,1,0
-0.39743640204143216,-0.30726256983240224,0.0,0.0,2022-03-10,1,0,1,0,1,0,1,0,1,0
-0.06179399378124139,-0.20111731843575428,0.0,0.0,2022-03-11,1,0,1,0,1,0,1,0,1,0
0.3252909303210401,-0.111731843575419,0.0,0.0,2022-03-12,1,0,0,1,1,0,1,0,0,1
0.0,-0.17318435754189954,0.0,0.0,2022-03-13,1,0,0,1,1,0,1,0,0,1
-0.5152648220306739,-0.3687150837988828,0.0,0.0,2022-03-14,1,0,1,0,1,0,1,0,0,1
-0.23351832172235998,-0.42458100558659223,0.0,0.0,2022-03-15,1,0,1,0,1,0,1,0,1,0
-0.15688589758727908,-0.25139664804469275,0.0,0.0,2022-03-16,1,0,1,0,1,0,1,0,1,0
-0.1396203146114588,-0.22905027932960903,-0.9403556695424757,0.0,2022-03-17,1,0,1,0,1,0,1,0,0,1
0.1567284606604479,-0.4078212290502794,-0.8988767398391874,0.0,2022-03-18,1,0,1,0,1,0,1,0,1,0
0.3268521798454494,-0.6368715083798884,-0.8573320484511858,0.0,2022-03-19,1,0,0,1,1,0,1,0,0,1
-0.397278965114601,-0.5251396648044694,-0.8240111086661254,0.0,2022-03-20,1,0,0,1,1,0,1,0,1,0
-0.10842156361107831,-0.5474860335195532,-0.8032314280149836,0.0,2022-03-21,1,0,1,0,1,0,1,0,1,0
0.0939111268548038,-0.43016759776536323,-0.7703515973766146,0.0,2022-03-22,1,0,1,0,1,0,1,0,1,0
0.10629616509885727,-0.4804469273743018,-0.7191971004155633,0.0,2022-03-23,1,0,1,0,1,0,1,0,1,0
0.278637121003398,-0.3687150837988828,-0.6798564371836799,0.0,2022-03-24,1,0,1,0,1,0,1,0,1,0
0.5900867215071962,-0.15642458100558665,-0.6460068746253481,0.0,2022-03-25,1,0,1,0,1,0,1,0,0,1
0.0,-0.1675977653631285,-0.6136364441139498,0.0,2022-03-26,1,0,0,1,1,0,1,0,0,1
0.060009708610487926,-0.37430167597765374,-0.5837143717103349,0.0,2022-03-27,1,0,0,1,1,0,1,0,1,0
0.2933837131499193,-0.3687150837988828,-0.5664190486307659,0.0,2022-03-28,1,0,1,0,1,0,1,0,1,0
0.46691856574959656,-0.2849162011173185,-0.5330156538102573,0.0,2022-03-29,1,0,1,0,1,0,1,0,1,0
0.48758216239619,-0.223463687150838,0.0,0.0,2022-03-30,1,0,1,0,1,0,1,0,0,1
0.6777003712887525,-0.2178770949720671,0.0,0.0,2022-03-31,1,0,1,0,1,0,1,0,1,0
-0.6902953254352475,-0.3128491620111733,-0.4350747533304499,0.0,2022-04-01,0,1,1,0,1,0,1,0,1,0
0.4327809921150339,-0.3687150837988828,-0.41045964888318953,0.0,2022-04-02,0,1,0,1,1,0,1,0,1,0
-0.5063433961769066,-0.29050279329608947,-0.38915842748636076,0.0,2022-04-03,0,1,0,1,1,0,1,0,1,0
0.0,-0.25139664804469275,-0.38915842748636076,0.0,2022-04-04,0,1,1,0,1,0,1,0,1,0
0.0,-0.25139664804469275,-0.38915842748636076,0.0,2022-04-05,0,1,1,0,1,0,1,0,1,0
-0.7516957268994109,-0.17318435754189954,-0.3260469386671118,0.0,2022-04-06,0,1,1,0,1,0,1,0,1,0
-0.5796171658729221,-0.2178770949720671,-0.3260469386671118,0.0,2022-04-07,0,1,1,0,1,0,1,0,1,0
0.1084609228427861,-0.10614525139664807,-0.2875642124911791,0.0,2022-04-08,0,1,1,0,1,0,1,0,1,0
0.0,0.1675977653631285,-0.2875642124911791,0.0,2022-04-09,0,1,0,1,1,0,1,0,0,1
0.4102412720903688,0.18994413407821223,-0.2875642124911791,0.0,2022-04-10,0,1,0,1,1,0,1,0,1,0
-0.38015769932170923,0.26815642458100564,-0.2875642124911791,0.0,2022-04-11,0,1,1,0,1,0,1,0,1,0
-0.3619212552970966,0.25139664804469275,-0.2875642124911791,0.0,2022-04-12,0,1,1,0,1,0,1,0,0,1
-0.37569698639482557,-0.09497206703910621,-0.2875642124911791,0.0,2022-04-13,0,1,1,0,1,0,1,0,0,1
-0.20586190157568124,-0.08938547486033528,-0.20005210348865737,1.2056774384820634,2022-04-14,0,1,1,0,1,0,1,0,1,0
0.4061347922488553,-0.08379888268156425,-0.20005210348865737,1.2056774384820634,2022-04-15,0,1,1,0,1,0,1,0,1,0
0.0,-0.08938547486033528,-0.18004132868954667,0.6973762229469315,2022-04-16,0,1,0,1,1,0,1,0,1,0
0.458954881200719,-0.04469273743016764,-0.18004132868954667,0.6973762229469315,2022-04-17,0,1,0,1,1,0,1,0,1,0
-0.16227811233124728,0.02234636871508372,-0.18004132868954667,0.6973762229469315,2022-04-18,0,1,1,0,1,0,1,0,1,0
0.050379816585980244,0.02234636871508372,-0.18004132868954667,0.6973762229469315,2022-04-19,0,1,1,0,1,0,1,0,1,0
0.1767754293436192,0.050279329608938474,-0.18004132868954667,0.6973762229469315,2022-04-20,0,1,1,0,1,0,1,0,1,0
0.27820416945461224,0.08379888268156425,-0.18004132868954667,0.6973762229469315,2022-04-21,0,1,1,0,1,0,1,0,1,0
0.7495309691554821,0.01117318435754186,-0.18004132868954667,0.6973762229469315,2022-04-22,0,1,1,0,1,0,1,0,1,0
0.0,0.16201117318435748,-0.18004132868954667,0.6973762229469315,2022-04-23,0,1,0,1,1,0,1,0,1,0
0.5797221238241429,0.20670391061452512,-0.12270573922456857,0.12362881707678625,2022-04-24,0,1,0,1,1,0,1,0,0,1
0.16213379514831872,0.29050279329608936,-0.12270573922456857,0.12362881707678625,2022-04-25,0,1,1,0,1,0,1,0,0,1
0.36659188412642185,0.39664804469273734,-0.11344143542581955,0.3595463978654017,2022-04-26,0,1,1,0,1,0,1,0,0,1
0.5816244866900198,0.16201117318435748,-0.11344143542581955,0.3595463978654017,2022-04-27,0,1,1,0,0,1,1,0,1,0
0.7353616457406752,0.18994413407821223,-0.10301416152587343,0.029647198339756892,2022-04-28,0,1,1,0,1,0,1,0,1,0
0.0,-0.07821229050279332,-0.10301416152587343,0.029647198339756892,2022-04-29,0,1,1,0,1,0,1,0,0,1
0.0,-0.10055865921787714,-0.10301416152587343,0.029647198339756892,2022-04-30,0,1,0,1,1,0,1,0,1,0
-0.1727607877094239,-0.07821229050279332,-0.10301416152587343,0.029647198339756892,2022-05-01,1,0,0,1,1,0,1,0,1,0
0.0,-0.03351955307262578,-0.09173653845667443,-0.4488585828639194,2022-05-02,0,1,1,0,1,0,1,0,1,0
0.0,0.0,-0.08736085712768137,0.0,2022-05-03,0,1,1,0,1,0,1,0,1,0
-0.3151493682843311,0.1675977653631285,-0.08360030048031322,-0.09435220871627631,2022-05-04,0,1,1,0,1,0,1,0,1,0
0.08009603652536702,0.22905027932960884,-0.08360030048031322,-0.09435220871627631,2022-05-05,0,1,0,1,1,0,1,0,1,0
0.4069088571391086,0.26815642458100564,-0.07842182073870606,-0.3789653127779425,2022-05-06,0,1,1,0,1,0,1,0,1,0
0.0,0.2011173184357541,-0.07506291622720156,-0.15327601541654315,2022-05-07,0,1,0,1,1,0,1,0,0,1
0.3092061242964537,0.02793296089385475,-0.07506291622720156,-0.15327601541654315,2022-05-08,0,1,0,1,1,0,1,0,0,1
-0.7442305926188321,0.17318435754189934,-0.07066497709722865,-0.444263267121257,2022-05-09,0,1,1,0,1,0,1,0,1,0
-0.4815077209692867,0.28491620111731836,-0.07066497709722865,-0.444263267121257,2022-05-10,0,1,1,0,1,0,1,0,1,0
-0.41867726741974,0.27374301675977647,-0.07066497709722865,-0.444263267121257,2022-05-11,0,1,1,0,1,0,1,0,1,0
-0.24835675207619948,0.34078212290502785,-0.0605356542149446,-0.22339163949006818,2022-05-12,0,1,1,0,1,0,1,0,1,0
0.3324543104918592,0.2569832402234636,-0.05792036259981233,-0.26171064334420396,2022-05-13,0,1,1,0,1,0,1,0,1,0
0.0,0.050279329608938474,-0.05792036259981233,-0.26171064334420396,2022-05-14,0,1,0,1,1,0,1,0,1,0
0.6372915600687474,0.07821229050279323,-0.053475378572313825,-0.3471686925585532,2022-05-15,0,1,0,1,1,0,1,0,1,0
-0.37998714265097544,0.13966480446927376,-0.053475378572313825,-0.3471686925585532,2022-05-16,0,1,1,0,1,0,1,0,1,0
-0.21564923052702012,0.29050279329608936,-0.04965310711313792,-0.2090127482952861,2022-05-17,0,1,1,0,1,0,1,0,1,0
-0.20205717584392752,0.29050279329608936,-0.04965310711313792,-0.2090127482952861,2022-05-18,0,1,1,0,1,0,1,0,0,1
0.014497317012371919,0.28491620111731836,-0.04965310711313792,-0.2090127482952861,2022-05-19,0,1,1,0,1,0,1,0,1,0
0.6899148528620721,0.32402234636871513,-0.04965310711313792,-0.2090127482952861,2022-05-20,0,1,1,0,1,0,1,0,1,0
0.0,0.2960893854748604,-0.04965310711313792,-0.2090127482952861,2022-05-21,0,1,0,1,1,0,1,0,1,0
0.7752981461801866,0.30726256983240224,-0.04965310711313792,-0.2090127482952861,2022-05-22,0,1,0,1,1,0,1,0,1,0
-0.1434381600871151,0.4581005586592179,-0.04965310711313792,-0.2090127482952861,2022-05-23,1,0,1,0,1,0,1,0,1,0
0.028876556329620447,0.45251396648044684,-0.04965310711313792,-0.2090127482952861,2022-05-24,1,0,1,0,1,0,1,0,1,0
0.1247950040015219,0.34636871508379885,-0.04965310711313792,-0.2090127482952861,2022-05-25,1,0,1,0,1,0,1,0,0,1
0.30065205127195915,0.21787709497206698,-0.033449427999807775,-0.4388526534242514,2022-05-26,1,0,1,0,1,0,1,0,1,0
0.0,0.29050279329608936,-0.033449427999807775,-0.4388526534242514,2022-05-27,1,0,1,0,1,0,1,0,1,0
0.0,0.4189944134078213,-0.033449427999807775,-0.4388526534242514,2022-05-28,1,0,0,1,1,0,1,0,1,0
0.0,0.4636871508379889,-0.033449427999807775,-0.4388526534242514,2022-05-29,1,0,0,1,1,0,1,0,1,0
0.0442528961834665,0.335195530726257,-0.033449427999807775,-0.4388526534242514,2022-05-30,1,0,1,0,1,0,1,0,1,0
0.6178349798611931,0.32960893854748596,-0.027490913505679532,-0.3979395197153869,2022-05-31,1,0,1,0,1,0,1,0,1,0
0.0,0.4078212290502794,-0.027490913505679532,-0.3979395197153869,2022-06-01,1,0,0,1,1,0,1,0,1,0
0.0,0.3743016759776536,-0.027490913505679532,-0.3979395197153869,2022-06-02,1,0,1,0,1,0,1,0,1,0
-0.3968984925414256,0.0,-0.02385682163660599,-0.4644974799881411,2022-06-03,1,0,1,0,1,0,1,0,1,0
0.0,0.0,-0.02385682163660599,-0.4644974799881411,2022-06-04,1,0,0,1,1,0,1,0,1,0
0.30784167093058346,0.441340782122905,-0.02385682163660599,-0.4644974799881411,2022-06-05,1,0,0,1,1,0,1,0,1,0
0.0,0.27374301675977647,-0.02147422521353578,-0.5907945449155055,2022-06-06,1,0,0,1,1,0,1,0,0,1
0.0,0.32402234636871513,-0.02147422521353578,-0.5907945449155055,2022-06-07,1,0,1,0,1,0,1,0,1,0
0.0,0.35754189944134074,-0.02147422521353578,-0.5907945449155055,2022-06-08,1,0,1,0,1,0,1,0,1,0
-0.7092927146062109,0.34078212290502785,-0.018652037221113547,-0.49659057219092795,2022-06-09,1,0,1,0,1,0,1,0,0,1
-0.15578383909946078,0.34078212290502785,-0.018652037221113547,-0.49659057219092795,2022-06-10,1,0,1,0,1,0,1,0,0,1
0.0,0.0,-0.017176952047085366,-0.5430625555884969,2022-06-11,1,0,0,1,1,0,1,0,1,0
-0.02382545492711982,0.0,-0.016590155475798434,-0.559516750667062,2022-06-12,1,0,0,1,1,0,1,0,1,0
0.0,0.49162011173184367,-0.016254770883761163,-0.5963533946042099,2022-06-13,1,0,1,0,1,0,1,0,0,1
-0.5006100680914709,0.3743016759776536,-0.016254770883761163,-0.5963533946042099,2022-06-14,1,0,1,0,1,0,1,0,1,0
-0.5106335524330565,0.15083798882681562,-0.016254770883761163,-0.5963533946042099,2022-06-15,1,0,1,0,1,0,1,0,0,1
-0.20815785675863607,0.30726256983240224,-0.01372547531786922,-0.5306848502816484,2022-06-16,1,0,1,0,1,0,1,0,0,1
0.3046404534183493,0.4301675977653631,-0.01372547531786922,-0.5306848502816484,2022-06-17,1,0,1,0,1,0,1,0,1,0
0.0,0.4748603351955308,-0.01372547531786922,-0.5306848502816484,2022-06-18,1,0,0,1,1,0,1,0,1,0
0.3542462051140762,0.4804469273743016,-0.01372547531786922,-0.5306848502816484,2022-06-19,1,0,0,1,1,0,1,0,1,0
-0.34494430668713344,0.0,-0.011525999893769586,-0.592202786836644,2022-06-20,1,0,1,0,1,0,1,0,1,0
-0.12110835596489157,0.0,-0.011525999893769586,-0.592202786836644,2022-06-21,1,0,1,0,1,0,1,0,1,0
0.0896865693181669,0.0,-0.009599182531673104,-0.5137118292321375,2022-06-22,1,0,1,0,1,0,1,0,1,0
-0.11921911284291731,0.0,-0.008800430991964429,-0.5283871924103172,2022-06-23,1,0,1,0,1,0,1,0,0,1
0.6573516484958214,0.4357541899441342,-0.008800430991964429,-0.5283871924103172,2022-06-24,1,0,1,0,1,0,1,0,0,1
0.0,0.0,-0.008800430991964429,-0.5283871924103172,2022-06-25,1,0,0,1,1,0,1,0,1,0
0.5866362288608127,0.0,-0.008800430991964429,-0.5283871924103172,2022-06-26,1,0,0,1,1,0,1,0,1,0
-0.10288503168418152,0.0,-0.008800430991964429,-0.5283871924103172,2022-06-27,1,0,1,0,1,0,1,0,0,1
0.0011676572073313128,0.0,-0.008800430991964429,-0.5283871924103172,2022-06-28,1,0,1,0,1,0,1,0,0,1
0.035961218037023915,0.0,-0.008800430991964429,-0.5283871924103172,2022-06-29,1,0,1,0,1,0,1,0,0,1
-0.14791199275790137,0.4189944134078213,-0.008800430991964429,-0.5283871924103172,2022-06-30,1,0,1,0,1,0,1,0,0,1
-0.41257658650503143,0.0,-0.001402747320843672,-0.47205751556477915,2022-07-01,1,0,1,0,1,0,1,0,1,0
0.0,0.0,0.0,-0.4395938333827453,2022-07-02,1,0,0,1,1,0,1,0,1,0
-0.11709371433069626,0.0,0.0012342962361552685,-0.4646457159798399,2022-07-03,1,0,0,1,1,0,1,0,1,0
0.0,0.0,0.0018215986665553777,-0.5594426326712125,2022-07-04,1,0,1,0,1,0,1,0,1,0
-0.6684378320935175,0.0,0.004237581791095362,-0.29128372368811145,2022-07-05,1,0,1,0,1,0,1,0,1,0
-0.5839204418729746,0.0,0.006650023901843097,-0.291950785650756,2022-07-06,1,0,1,0,1,0,1,0,0,1
-0.5382899725797352,0.0,0.00896635278108694,-0.30603320486214053,2022-07-07,1,0,1,0,1,0,1,0,1,0
0.06828826701302791,0.0,0.011292798842594348,-0.3041802549659057,2022-07-08,1,0,1,0,1,0,1,0,0,1
0.0,0.0,0.013771002638055274,-0.282315446190335,2022-07-09,1,0,0,1,1,0,1,0,0,1
0.14977499639207043,0.0,0.016423727827562747,-0.2568188556181441,2022-07-10,1,0,0,1,1,0,1,0,1,0
-0.5286600805552275,0.0,0.01775009042231648,-0.4511562407352505,2022-07-11,1,0,1,0,1,0,1,0,0,1
-0.29552223140604295,0.0,0.022508201240872404,0.05210495108212274,2022-07-12,1,0,1,0,1,0,1,0,1,0
-0.5555555555555556,0.0,0.027242030821995767,0.04847316928550252,2022-07-13,1,0,1,0,1,0,1,0,0,1
-0.1194159090014563,0.0,0.03212508884150675,0.07011562407352505,2022-07-14,1,0,1,0,1,0,1,0,0,1
0.458430091444615,0.0,0.03665050446800062,0.017936554995552922,2022-07-15,1,0,1,0,1,0,1,0,1,0
0.0,0.0,0.04143340238310228,0.05544026089534539,2022-07-16,1,0,0,1,1,0,1,0,0,1
0.3782159772241246,0.0,0.04576608568747518,-0.010672991402312482,2022-07-17,1,0,0,1,1,0,1,0,1,0
-0.19911835320974536,0.0,0.048242771905596574,-0.2826119181737326,2022-07-18,1,0,1,0,1,0,1,0,1,0
-0.04035633224439459,0.0,0.057358353125071135,0.6914467832789801,2022-07-19,1,0,1,0,1,0,1,0,1,0
0.08859763057425118,0.0,0.06605407128060764,0.6292617847613401,2022-07-20,1,0,1,0,1,0,1,0,0,1
0.11010089083061099,0.4692737430167597,0.07448269582438595,0.5900533649570116,2022-07-21,1,0,1,0,1,0,1,0,0,1
0.6367405308248383,0.0,0.0822597738303905,0.4943670323154462,2022-07-22,1,0,1,0,1,0,1,0,0,1
0.0,0.0,0.08975761760592058,0.45367625259412986,2022-07-23,1,0,0,1,1,0,1,0,0,1
0.2780073732960733,0.0,0.09674302609980094,0.3780017788319004,2022-07-24,1,0,0,1,1,0,1,0,0,1
0.1583553089043702,0.0,0.09976148742813638,-0.2032315446190335,2022-07-25,1,0,1,0,1,0,1,0,1,0
0.3029086472232062,0.0,0.1114367157602936,1.0671509042395493,2022-07-26,1,0,1,0,1,0,1,0,1,0
0.4491544325054775,0.0,0.12158981402089704,0.8430180847909873,2022-07-27,1,0,1,0,1,0,1,0,1,0
0.6191600739953557,0.0,0.13076103974282122,0.7011562407352505,2022-07-28,1,0,1,0,1,0,1,0,1,0
0.0,0.0,0.13961964453280118,0.6528313074414468,2022-07-29,1,0,1,0,1,0,1,0,1,0
0.0,0.0,0.14800527105195932,0.5839756892973614,2022-07-30,1,0,0,1,1,0,1,0,0,1
0.498314112908516,0.0,0.15516267164432035,0.40320189742069373,2022-07-31,1,0,0,1,1,0,1,0,0,1
-0.730100628435733,0.0,0.15887567753504972,-0.10146753631781796,2022-08-01,1,0,1,0,1,0,1,0,0,1
-0.6254050720929928,0.0,0.17131576484633265,1.178920841980433,2022-08-02,1,0,1,0,1,0,1,0,0,1
-0.5613282428726991,0.0,0.18295153616766194,1.0609249925882005,2022-08-03,1,0,1,0,1,0,1,0,0,1
-0.4034190052610173,0.0,0.19318506602726074,0.8545804921434924,2022-08-04,1,0,1,0,1,0,1,0,1,0
-0.09139213602550478,0.0,0.20371351174984256,0.8974206937444411,2022-08-05,1,0,1,0,1,0,1,0,1,0
0.42412196113931855,0.0,0.21390202014836848,0.8487251704713904,2022-08-06,1,0,0,1,1,0,1,0,0,1
-0.49035042835963843,0.0,0.22319262862100275,0.7157574859175808,2022-08-07,1,0,0,1,1,0,1,0,0,1
0.0,0.0,0.22717222226437714,-0.06240735250518826,2022-08-08,1,0,1,0,1,0,1,0,0,1
0.0,0.0,0.24207483173861247,1.5401719537503706,2022-08-09,1,0,1,0,1,0,1,0,0,1
0.0,0.0,0.25525600265070175,1.2866142899495998,2022-08-10,1,0,1,0,1,0,1,0,0,1
-0.5412550347017226,0.0,0.26765309193736453,1.171583160391343,2022-08-11,1,0,1,0,1,0,1,0,0,1
0.2142060586977342,0.0,0.27919983205477444,1.0469908093685147,2022-08-12,1,0,1,0,1,0,1,0,1,0
0.6111045512391599,0.0,0.2902533595368354,0.9746516454195079,2022-08-13,1,0,0,1,1,0,1,0,0,1
0.07815431442778237,0.0,0.3001661747186791,0.8069226208123332,2022-08-14,1,0,0,1,1,0,1,0,0,1
-0.7017882210939242,0.0,0.3043374889659481,-0.03431663207826861,2022-08-15,1,0,0,1,1,0,1,0,0,1
0.15330420750186957,0.0,0.3708842670227915,0.5954639786540172,2022-08-21,1,0,0,1,1,0,1,0,1,0
-0.18931790451450387,0.0,0.3746250951647457,-0.0973910465461014,2022-08-22,1,0,1,0,1,0,1,0,0,1
-0.0011676572073313128,0.0,0.3876084751635822,1.2577823895641862,2022-08-23,1,0,1,0,1,0,1,0,0,1
0.15706957400191549,0.0,0.3980013506438322,0.8797064927364364,2022-08-24,1,0,1,0,1,0,1,0,1,0
0.2584327153933955,0.41340782122905023,0.4069515159332974,0.6680254965905722,2022-08-25,1,0,1,0,1,0,1,0,0,1
0.786148174387636,0.5027932960893855,0.4149056446289144,0.5223836347465165,2022-08-26,1,0,1,0,1,0,1,0,1,0
0.0,0.3743016759776536,0.42228714080841345,0.43655499555292027,2022-08-27,1,0,0,1,1,0,1,0,0,1
0.6950840319596961,0.4357541899441342,0.4288896139536178,0.3218944559739105,2022-08-28,1,0,0,1,1,0,1,0,1,0
0.1886750370632765,0.34636871508379885,0.4318013390090726,-0.21887044174325526,2022-08-29,1,0,1,0,1,0,1,0,0,1
0.12236785137954106,0.2402234636871509,0.4421239000725908,0.8678476134005336,2022-08-30,1,0,1,0,1,0,1,0,0,1
0.5071305808110625,0.38547486033519546,0.45016908340857986,0.5337978061073229,2022-08-31,1,0,1,0,1,0,1,0,1,0
-0.3753821125411632,0.5139664804469274,0.45689903305030516,0.34212866884079457,2022-09-01,1,0,1,0,1,0,1,0,1,0
-0.24613951535666023,0.4189944134078213,0.47780517847974163,0.2394011265935369,2022-09-04,1,0,0,1,1,0,1,0,0,1
0.0,0.24581005586592172,0.48049584310273746,-0.25126000592943964,2022-09-05,1,0,1,0,1,0,1,0,0,1
-0.7572322588263077,0.34636871508379885,0.48997766632015316,0.7463682182033797,2022-09-06,1,0,1,0,1,0,1,0,0,1
0.018748114036814003,0.446927374301676,0.49732122306616383,0.43203379780610734,2022-09-07,1,0,1,0,1,0,1,0,1,0
0.29978614817438765,0.4692737430167597,0.503923190352255,0.32293210791580196,2022-09-08,1,0,1,0,1,0,1,0,1,0
0.8161792681806851,0.0,0.5101513277537073,0.26726949303290837,2022-09-09,1,0,0,1,1,0,1,0,1,0
0.0,0.49162011173184367,0.5132274570209451,-0.1947820930922028,2022-09-10,1,0,0,1,1,0,1,0,1,0
0.627622308812532,0.4748603351955308,0.5156591217779936,-0.2892084198043285,2022-09-11,1,0,0,1,1,0,1,0,0,1
-0.3967804148463022,0.5027932960893855,0.5188404697407725,-0.1793655499555292,2022-09-12,1,0,0,1,1,0,1,0,1,0
-0.23770352002728906,0.0,0.5236724359898525,0.06248147050103765,2022-09-13,1,0,1,0,1,0,1,0,1,0
0.04980254785426588,0.0,0.5324622439404402,0.6429736139934776,2022-09-14,1,0,1,0,1,0,1,0,1,0
0.33558992928458037,0.0,0.5384384635035296,0.23050696709160984,2022-09-15,1,0,1,0,1,0,1,0,0,1
0.7029296388134504,0.0,0.5431009669496948,0.03824488585828639,2022-09-16,1,0,1,0,1,0,1,0,0,1
0.0,0.0,0.546972306742849,-0.07782389564186185,2022-09-17,1,0,0,1,1,0,1,0,0,1
0.8208367772661078,0.0,0.549992285648524,-0.20300919063148531,2022-09-18,1,0,0,1,1,0,1,0,1,0
0.2721034885399037,0.0,0.5516105289515817,-0.4083901571301512,2022-09-19,1,0,1,0,1,0,1,0,1,0
0.5136510935306543,0.28491620111731836,0.556525456095223,0.07604506374147643,2022-09-20,1,0,1,0,1,0,1,0,1,0
0.6179792970441217,0.2569832402234636,0.5602414971406313,-0.1001334123925289,2022-09-21,1,0,1,0,1,0,1,0,1,0
0.7004500072158591,0.2793296089385475,0.5633525306866785,-0.18937147939519716,2022-09-22,1,0,1,0,1,0,1,0,1,0
0.0,0.15083798882681562,0.566195458902741,-0.22857989919952565,2022-09-23,1,0,1,0,1,0,1,0,0,1
0.0,0.20670391061452512,0.569047998441954,-0.22665283130744146,2022-09-24,1,0,0,1,1,0,1,0,1,0
0.0,0.26815642458100564,0.5715206377871699,-0.2832048621405277,2022-09-25,1,0,0,1,1,0,1,0,1,0
0.7578620065336324,0.34078212290502785,0.577027925952343,-0.011265935369107619,2022-09-27,1,0,1,0,1,0,1,0,1,0
0.5267183584576429,0.29050279329608936,0.5715206377871699,-0.2832048621405277,2022-09-26,1,0,1,0,1,0,1,0,1,0
0.8079794282415608,0.3128491620111731,0.5806255959652677,-0.11762525941298548,2022-09-28,1,0,1,0,1,0,1,0,1,0
0.0,0.3128491620111731,0.5837932857319907,-0.18077379187666764,2022-09-29,1,0,1,0,1,0,1,0,1,0
0.0,0.32960893854748596,0.5867191748426146,-0.21605395790097837,2022-09-30,1,0,1,0,1,0,1,0,1,0
0.0,0.34078212290502785,0.5895403511168105,-0.23161873702935074,2022-10-01,1,0,0,1,1,0,1,0,1,0
0.5170228677136223,0.2569832402234636,0.5919669572827272,-0.2899495997628224,2022-10-02,1,0,0,1,1,0,1,0,0,1
0.0,0.36871508379888257,0.5929913219869134,-0.4954046842573377,2022-10-03,1,0,0,1,1,0,1,0,0,1
0.0,0.17318435754189934,0.5945524032101819,-0.4167654906611325,2022-10-04,1,0,1,0,1,0,1,0,0,1
-0.6347332100077406,0.10055865921787714,0.5984303191718074,-0.07671212570412096,2022-10-05,1,0,1,0,1,0,1,0,0,1
-0.5250521509820129,0.0558659217877095,0.6012186146036468,-0.23636228876371182,2022-10-06,1,0,1,0,1,0,1,0,1,0
0.2265254982222747,-0.02793296089385475,0.6033978556632192,-0.3253780017788319,2022-10-07,0,1,1,0,1,0,1,0,1,0
0.0,0.0558659217877095,0.6053899288509157,-0.3517640083012155,2022-10-08,0,1,0,1,1,0,1,0,1,0
0.7500951181432939,-0.09497206703910621,0.6071867404209254,-0.38222650459531576,2022-10-09,0,1,0,1,1,0,1,0,0,1
-0.37160362629721466,-0.2737430167597766,0.6079424939360139,-0.534761340053365,2022-10-10,0,1,0,1,1,0,1,0,1,0
-0.46960811324962937,-0.20670391061452523,0.6094873876676606,-0.41913726652831307,2022-10-11,0,1,1,0,1,0,1,0,1,0
-0.2572781779299668,-0.0726256983240224,0.6129257120599342,-0.141343018084791,2022-10-12,0,1,1,0,1,0,1,0,1,0
-0.11176709830624106,0.08379888268156425,0.6155829899814602,-0.2560776756596502,2022-10-13,0,1,1,0,1,0,1,0,1,0
0.39859093950486085,0.1284916201117319,0.6180247719207723,-0.2872072339163949,2022-10-14,0,1,1,0,1,0,1,0,1,0
0.0,0.18994413407821223,0.6203385715044503,-0.3061073228579899,2022-10-15,0,1,0,1,1,0,1,0,1,0
0.5506356515920809,0.11731843575418983,0.6224586270477809,-0.3348651052475541,2022-10-16,0,1,0,1,1,0,1,0,1,0
-0.51241783760381,-0.20111731843575428,0.6234303824041966,-0.5031129558256745,2022-10-17,0,1,1,0,1,0,1,0,1,0
-0.11234436703795542,-0.30167597765363136,0.6272344429352981,-0.08731099911058406,2022-10-18,0,1,1,0,1,0,1,0,1,0
0.0374831083297254,-0.2402234636871509,0.6302164824074847,-0.20841980432849097,2022-10-19,0,1,1,0,1,0,1,0,1,0
0.1758176880387295,-0.10614525139664807,0.6329516626324403,-0.24407056033204863,2022-10-20,0,1,1,0,1,0,1,0,1,0
0.7130318416184516,-0.04469273743016764,0.6355072628722175,-0.27038244885858287,2022-10-21,0,1,1,0,1,0,1,0,1,0
0.0,0.01675977653631279,0.6385449468468537,-0.1995997628224133,2022-10-22,0,1,0,1,1,0,1,0,1,0
0.0,-0.04469273743016764,0.641163273616665,-0.26185887933590274,2022-10-23,0,1,0,1,1,0,1,0,1,0
-0.04103855892732974,-0.23463687150837997,0.642396558134594,-0.46479395197153867,2022-10-24,0,1,1,0,1,0,1,0,1,0
0.14541924141640755,-0.19553072625698326,0.6474814539402631,0.10057812036762526,2022-10-25,1,0,1,0,1,0,1,0,1,0
0.3190590519673056,-0.10614525139664807,0.6514721764841274,-0.05951675066706196,2022-10-26,1,0,1,0,1,0,1,0,1,0
0.4552288739323808,-0.08938547486033528,0.6549282059453622,-0.13793359027571894,2022-10-27,1,0,1,0,1,0,1,0,1,0
0.0,-0.06703910614525146,0.6587059618025783,-0.09109101689890306,2022-10-28,1,0,1,0,1,0,1,0,1,0
0.0,0.0,0.6625393621622442,-0.08382745330566262,2022-10-29,1,0,0,1,1,0,1,0,1,0
0.0,0.00558659217877093,0.6659326650934448,-0.14831010969463385,2022-10-30,1,0,0,1,1,0,1,0,1,0
0.12803558074546384,0.00558659217877093,0.6659326650934448,-0.14831010969463385,2022-10-31,1,0,1,0,1,0,1,0,1,0
0.0,-0.09497206703910621,0.6740820554067487,0.31930032611918174,2022-11-01,1,0,1,0,1,0,1,0,1,0
0.0,-0.20670391061452523,0.679612613091128,0.16535724873999408,2022-11-02,1,0,1,0,1,0,1,0,1,0
-0.7088204038257173,-0.30726256983240224,0.6844395207490762,0.062110880521790694,2022-11-03,1,0,1,0,1,0,1,0,1,0
-0.19255848125844582,-0.553072625698324,0.6888248134012196,-0.0023717758671805513,2022-11-04,1,0,1,0,1,0,1,0,1,0
0.0,-0.4636871508379889,0.6929217663588514,-0.0448413874888823,2022-11-05,1,0,0,1,1,0,1,0,1,0
0.05470933207383792,-0.29050279329608947,0.6965452351865482,-0.11458642158316039,2022-11-06,1,0,0,1,1,0,1,0,1,0
0.0,-0.1899441340782123,0.6982246874423005,-0.39942187963237474,2022-11-07,1,0,1,0,1,0,1,0,1,0
-0.5283583264454678,-0.10614525139664807,0.7053866407666801,0.4038689593833383,2022-11-08,1,0,1,0,1,0,1,0,1,0
-0.423059261883208,-0.1899441340782123,0.7117002683582595,0.2795730803439075,2022-11-09,1,0,1,0,1,0,1,0,1,0
-0.2829010377717427,-0.0726256983240224,0.7173016463184838,0.17521494218796324,2022-11-10,1,0,1,0,1,0,0,1,1,0
0.29438081368651686,0.044692737430167544,0.7228170282294678,0.16261488289356657,2022-11-11,1,0,1,0,1,0,1,0,1,0
0.0,0.08379888268156425,0.7282884003976052,0.15764897717165727,2022-11-12,1,0,0,1,1,0,1,0,0,1
0.25809160205192794,-0.25139664804469275,0.7329741733629767,0.041061369700563295,2022-11-13,1,0,0,1,1,0,1,0,1,0
-0.4654229149447003,-0.2849162011173185,0.7348200532669646,-0.3750370589979247,2022-11-14,1,0,1,0,1,0,1,0,1,0
-0.2358142769053148,-0.37430167597765374,0.0,0.5062259116513489,2022-11-15,1,0,1,0,1,0,1,0,0,1
-0.09438343763529736,-0.3519553072625699,0.0,0.27972131633560626,2022-11-16,1,0,1,0,1,0,1,0,1,0
0.045473032366408206,-0.2569832402234638,0.0,0.1583901571301512,2022-11-17,1,0,1,0,1,0,1,0,1,0
0.6826333949961296,-0.21229050279329614,0.0,0.07656388971242217,2022-11-18,1,0,1,0,1,0,1,0,1,0
0.0,-0.10614525139664807,0.0,0.10487696412689002,2022-11-19,1,0,0,1,1,0,1,0,1,0
0.0,-0.06145251396648053,0.0,0.0070412096056922625,2022-11-20,1,0,0,1,1,0,1,0,1,0
-0.011243620524527362,-0.1675977653631285,0.0,-0.3619181737325823,2022-11-21,1,0,1,0,1,0,1,0,1,0
0.14639010246519987,-0.22905027932960903,0.0,0.511710643344204,2022-11-22,1,0,1,0,1,0,1,0,1,0
0.23679825769800975,-0.223463687150838,0.0,0.3550252001185888,2022-11-23,1,0,1,0,1,0,1,0,1,0
0.38301780349247583,-0.30167597765363136,0.0,0.20360213459828047,2022-11-24,1,0,1,0,1,0,1,0,1,0
0.0,-0.13966480446927376,0.0,0.14638304180254966,2022-11-25,1,0,1,0,1,0,1,0,0,1
0.0,-0.45251396648044706,0.0,0.10761932997331752,2022-11-26,1,0,0,1,1,0,1,0,1,0
0.0,-0.5251396648044694,0.0,0.0334272161280759,2022-11-27,1,0,0,1,1,0,1,0,1,0
-0.0711614909276971,-0.13966480446927376,0.0,-0.3642899495997628,2022-11-28,1,0,1,0,1,0,1,0,0,1
0.20044344734390784,-0.44134078212290506,0.0,0.503409427809072,2022-11-29,1,0,1,0,1,0,1,0,0,1
0.22828354390522296,0.0,0.0,0.26541654313667357,2022-11-30,1,0,1,0,1,0,1,0,1,0
0.0,0.0,0.0,0.17232434034983693,2022-12-01,1,0,1,0,1,0,1,0,1,0
-0.42774301045643587,0.0,0.0,0.13178179662021938,2022-12-02,1,0,1,0,1,0,1,0,1,0
0.0,0.0,0.0,0.1230358731099911,2022-12-03,1,0,0,1,1,0,1,0,0,1
0.054748691305545716,0.0,0.0,-0.013563593240438779,2022-12-04,1,0,0,1,1,0,1,0,1,0
0.0,0.0,0.0,-0.35487696412689,2022-12-05,1,0,1,0,1,0,1,0,1,0
0.0,0.0,0.0,-0.35487696412689,2022-12-06,1,0,1,0,1,0,1,0,0,1
0.0,-0.553072625698324,0.0,0.3734064630892381,2022-12-07,1,0,1,0,1,0,1,0,0,1
-0.5223888429697853,-0.6201117318435756,0.0,0.24221761043581383,2022-12-08,1,0,1,0,1,0,1,0,1,0
0.12018997389170963,-0.5754189944134079,0.0,0.23302697895048918,2022-12-09,1,0,1,0,1,0,1,0,1,0
0.0,-0.6815642458100559,0.0,0.22094574562703825,2022-12-10,1,0,0,1,1,0,1,0,1,0
0.5248291153356687,0.0,0.0,0.22094574562703825,2022-12-11,1,0,0,1,1,0,1,0,1,0
-0.7024442082890542,0.0,0.0,-0.35569226208123333,2022-12-12,1,0,1,0,1,0,1,0,0,1
-0.6439432702273652,0.0,0.0,0.666098428698488,2022-12-13,1,0,1,0,0,1,1,0,0,1
-0.5822542343973446,0.0,0.0,0.47961755114141713,2022-12-14,1,0,1,0,1,0,1,0,1,0
-0.5590716469214521,0.0,0.0,0.3054402608953454,2022-12-15,1,0,1,0,1,0,1,0,0,1
0.4073155692000892,0.0,0.0,0.27371775867180553,2022-12-16,1,0,1,0,1,0,1,0,1,0
0.0,0.0,0.0,0.2738659946635043,2022-12-17,1,0,0,1,1,0,1,0,0,1
0.6648692617520106,0.0,0.0,0.14378891194782092,2022-12-18,1,0,0,1,1,0,1,0,1,0
-0.3495493367969457,0.0,0.0,-0.3348651052475541,2022-12-19,1,0,1,0,1,0,1,0,1,0
-0.019561538158775142,0.0,0.0,0.7051586125111177,2022-12-20,1,0,1,0,1,0,1,0,1,0
-0.4948636202621325,0.0,0.0,0.5080788615475837,2022-12-21,1,0,1,0,1,0,1,0,0,1
0.21567547001482532,0.0,0.0,0.3881559442632671,2022-12-22,1,0,1,0,1,0,1,0,1,0
0.5564083389092245,0.0,0.0,0.27460717462199824,2022-12-23,1,0,1,0,1,0,1,0,1,0
0.0,0.0,0.0,0.2500741179958494,2022-12-24,1,0,0,1,1,0,1,0,1,0
0.7979428241560724,0.0,0.0,0.13333827453305663,2022-12-25,1,0,0,1,1,0,1,0,1,0
0.11348578475748153,0.0,0.0,-0.3797806107322858,2022-12-26,1,0,1,0,1,0,1,0,1,0
0.2950499206255494,0.0,0.0,0.7423658464275126,2022-12-27,1,0,1,0,1,0,1,0,1,0
0.3874260374437491,0.0,0.0,0.5243107026386007,2022-12-28,1,0,1,0,1,0,1,0,0,1
0.45129295076160114,0.0,0.0,0.34739104654610137,2022-12-29,1,0,1,0,1,0,1,0,1,0
0.0,0.0,0.0,0.21931514971835162,2022-12-30,1,0,1,0,1,0,1,0,1,0
0.0,0.0,0.0,0.21434924399644234,2022-12-31,1,0,0,1,1,0,1,0,1,0
0.0,0.0,0.3043374889659481,-0.03431663207826861,2022-08-16,1,0,1,0,1,0,1,0,1,0
0.0,0.0,0.3043374889659481,-0.03431663207826861,2022-08-17,1,0,1,0,1,0,1,0,1,0
0.0,0.0,0.3043374889659481,-0.03431663207826861,2022-08-18,1,0,1,0,1,0,1,0,1,0
0.0,0.0,0.3043374889659481,-0.03431663207826861,2022-08-19,1,0,1,0,1,0,1,0,0,1
0.0,0.0,0.3043374889659481,-0.03431663207826861,2022-08-20,1,0,0,1,1,0,1,0,1,0
0.0,0.0,0.45689903305030516,0.34212866884079457,2022-09-02,1,0,1,0,1,0,1,0,1,0
0.0,0.5251396648044693,0.45689903305030516,0.34212866884079457,2022-09-03,1,0,0,1,1,0,1,0,1,0
